{"cameraMode":{"drawMode":0,"name":"Shaded","section":"Shading Mode"},"sceneLighting":false,"audioPlay":false,"sceneViewState":{"m_AlwaysRefresh":false,"showFog":true,"showSkybox":false,"showFlares":true,"showImageEffects":true,"showParticleSystems":true,"showVisualEffectGraphs":true,"m_FxEnabled":true},"in2DMode":false,"pivot":{"x":1.1152101755142213,"y":1.1813064813613892,"z":0.13622775673866273},"rotation":{"x":0.04945578798651695,"y":0.7762243747711182,"z":-0.061368655413389209,"w":0.6255168914794922},"size":1.8949873447418213,"orthographic":false}